Bot Name,Description,Description_en,Description_ru,Description_de,Description_es,Referral Link,Bitly Link,RefParam,Commission (%),Category,Active,Duration,Verified,Clicks,GPT Description,Short Label,Added,Owner,Ğ¡ĞµÑ€ĞµĞ´Ğ½Ñ–Ğ¹ Ğ´Ğ¾Ñ…Ñ–Ğ´/Ğ´ĞµĞ½ÑŒ,ROI Score
Boinkers,ĞœĞµĞ¼-Ğ±Ğ°Ñ‚Ğ»Ğ¸ Ğ·Ğ° Ğ·Ñ–Ñ€ĞºĞ¸ ğŸ’©ğŸ’,ğŸ’©ğŸ’ Meme battles for stars,ğŸ’©ğŸ’ ĞœĞµĞ¼-Ğ±Ğ°Ñ‚Ğ»Ñ‹ Ğ·Ğ° Ğ·Ğ²Ñ‘Ğ·Ğ´Ñ‹,ğŸ’©ğŸ’ Meme-Schlachten um Sterne,ğŸ’©ğŸ’ Batallas de memes por estrellas,https://t.me/boinker_bot?start=_tgr_qEfhJpQxZGQy,,_tgr_qEfhJpQxZGQy,62,NEW,No,9Â 999,Yes,0,ĞœĞµĞ¼-Ğ±Ğ°Ñ‚Ğ»Ğ¸ Ğ· Ğ²Ğ¸Ğ³Ñ€Ğ°ÑˆĞµĞ¼ ğŸ’©ğŸ’,ğŸ§» Boinkers,2025-07-18,@HubAggregatorBot,"1,60","1,0"
EasyGiftDropbot,ğŸ ĞŸĞ¾Ğ´Ğ°Ñ€ÑƒĞ½ĞºĞ¸ Ğ·Ğ° Ğ°ĞºÑ‚Ğ¸Ğ²Ğ½Ñ–ÑÑ‚ÑŒ,ğŸ Gifts for activity,ğŸ ĞŸĞ¾Ğ´Ğ°Ñ€ĞºĞ¸ Ğ·Ğ° Ğ°ĞºÑ‚Ğ¸Ğ²Ğ½Ğ¾ÑÑ‚ÑŒ,ğŸ Geschenke fÃ¼r AktivitÃ¤t,ğŸ Regalos por actividad,https://t.me/EasyGiftDropbot?start=_tgr_WhrUYB40ZWFi,(Ğ¿Ğ¾Ñ€Ğ¾Ğ¶Ğ½ÑŒĞ¾),_tgr_WhrUYB40ZWFi,20,TOP,Yes,30,Yes,0,ğŸ¯ Ğ Ğ°Ğ½Ğ´Ğ¾Ğ¼Ğ½Ñ– Ğ¿Ğ¾Ğ´Ğ°Ñ€ÑƒĞ½ĞºĞ¸ Ğ·Ğ° Ğ°ĞºÑ‚Ğ¸Ğ²Ğ½Ñ–ÑÑ‚ÑŒ,ğŸ¯ ĞŸĞ¾Ğ´Ğ°Ñ€ÑƒĞ½ĞºĞ¸,2025-07-18,@HubAggregatorBot,"9,40","1,9"
Capybobo,ĞšĞ°Ğ¿Ñ–Ğ±Ğ¾Ñ‚ Ğ· Ğ²Ğ¸Ğ±ÑƒÑ…Ğ¾Ğ²Ğ¸Ğ¼Ğ¸ Ğ±Ğ¾Ğ½ÑƒÑĞ°Ğ¼Ğ¸ ğŸ’¥,ğŸ’¥ Capibot with explosive bonuses,ğŸ’¥ ĞšĞ°Ğ¿Ğ¸Ğ±Ğ¾Ñ‚ Ñ Ğ²Ğ·Ñ€Ñ‹Ğ²Ğ½Ñ‹Ğ¼Ğ¸ Ğ±Ğ¾Ğ½ÑƒÑĞ°Ğ¼Ğ¸,ğŸ’¥ Capibot mit explosiven Boni,ğŸ’¥ Capibot con bonificaciones explosivas,https://t.me/Capybombbot?start=_tgr_lhU0eHQ4ODdi,(Ğ¿Ğ¾Ñ€Ğ¾Ğ¶Ğ½ÑŒĞ¾),_tgr_lhU0eHQ4ODdi,30,TOP,No,90,Yes,0,ĞšĞ°Ğ¿Ñ–Ğ±Ğ°Ñ€Ğ°-Ğ±Ğ¾Ğ¼Ğ±ĞµÑ€ Ğ· Ğ±Ğ¾Ğ½ÑƒÑĞ°Ğ¼Ğ¸ ğŸ¹ğŸ’£,ğŸ¹ğŸ’£ ĞšĞ°Ğ¿Ñ–Ğ±Ğ°Ñ€Ğ°,2025-07-18,@HubAggregatorBot,"1,50","0,5"
RandGiftBot,ğŸ Ğ’Ğ¸Ğ¿Ğ°Ğ´ĞºĞ¾Ğ²Ñ– Ğ¿Ğ¾Ğ´Ğ°Ñ€ÑƒĞ½ĞºĞ¸,ğŸ Random gifts,ğŸ Ğ¡Ğ»ÑƒÑ‡Ğ°Ğ¹Ğ½Ñ‹Ğµ Ğ¿Ğ¾Ğ´Ğ°Ñ€ĞºĞ¸,ğŸ ZufÃ¤llige Geschenke,ğŸ Regalos aleatorios,https://t.me/randgift_bot?start=_tgr_dkf6mDQ3Y2M6,(Ğ¿Ğ¾Ñ€Ğ¾Ğ¶Ğ½ÑŒĞ¾),_tgr_dkf6mDQ3Y2M6,1,NEW,Yes,9Â 999,Yes,0,ğŸ² Ğ Ğ°Ğ½Ğ´Ğ¾Ğ¼Ğ½Ñ– Ğ¿Ğ¾Ğ´Ğ°Ñ€ÑƒĞ½ĞºĞ¸ Ğ½Ğ° ĞºĞ¾Ğ¶ĞµĞ½ Ğ´ĞµĞ½ÑŒ,ğŸ²ğŸ Ğ Ğ°Ğ½Ğ´Ğ¾Ğ¼,2025-07-18,@HubAggregatorBot,"4,40","0,0"
TheStarsBank,ğŸ¦ Ğ—Ğ°Ñ€Ğ¾Ğ±Ñ–Ñ‚Ğ¾Ğº Ğ½Ğ° Ñ‚Ñ€Ğ°Ğ½Ğ·Ğ°ĞºÑ†Ñ–ÑÑ…,ğŸ¦ Earnings from transactions,ğŸ¦ Ğ—Ğ°Ñ€Ğ°Ğ±Ğ¾Ñ‚Ğ¾Ğº Ğ½Ğ° Ñ‚Ñ€Ğ°Ğ½Ğ·Ğ°ĞºÑ†Ğ¸ÑÑ…,ğŸ¦ Einnahmen aus Transaktionen,ğŸ¦ Ganancias por transacciones,https://t.me/m5bank_bot?start=_tgr_JUV1QDBzMDUy,(Ğ¿Ğ¾Ñ€Ğ¾Ğ¶Ğ½ÑŒĞ¾),_tgr_JUV1QDBzMDUy,30,TOP,No,365,Yes,0,ğŸ’° Ğ¤Ñ–Ğ½Ğ±Ğ¾Ñ‚ Ñ–Ğ· Ğ¿Ñ€Ğ¸Ğ±ÑƒÑ‚ĞºĞ¾Ğ¼,ğŸ¦ Ğ‘Ğ°Ğ½Ğº,2025-07-18,@HubAggregatorBot,"23,90","7,2"
AutoGiftsBot,ğŸ ĞĞ²Ñ‚Ğ¾Ğ¿Ğ¾ĞºÑƒĞ¿ĞºĞ° Ğ¿Ğ¾Ğ´Ğ°Ñ€ÑƒĞ½ĞºÑ–Ğ²,ğŸ Auto purchase of gifts,ğŸ ĞĞ²Ñ‚Ğ¾Ğ¿Ğ¾ĞºÑƒĞ¿ĞºĞ° Ğ¿Ğ¾Ğ´Ğ°Ñ€ĞºĞ¾Ğ²,ğŸ Automatischer Kauf von Geschenken,ğŸ Compra automÃ¡tica de regalos,https://t.me/GiftSignalsBot?start=_tgr_nWMmrkI3MDMy,(Ğ¿Ğ¾Ñ€Ğ¾Ğ¶Ğ½ÑŒĞ¾),_tgr_nWMmrkI3MDMy,2,NEW,No,9Â 999,Yes,0,ğŸ§¸ Ğ‘Ğ¾Ñ‚ Ğ´Ğ»Ñ Ğ¿Ğ¾ĞºÑƒĞ¿ĞºĞ¸ Ğ¿Ğ¾Ğ´Ğ°Ñ€ÑƒĞ½ĞºÑ–Ğ²,ğŸ Gifts,2025-07-18,@HubAggregatorBot,"31,60","0,6"
TheStarsBank,ğŸ¦ Ğ—Ğ°Ñ€Ğ¾Ğ±Ñ–Ñ‚Ğ¾Ğº Ğ½Ğ° Ñ‚Ñ€Ğ°Ğ½Ğ·Ğ°ĞºÑ†Ñ–ÑÑ… ğŸ›ï¸,ğŸ›ï¸ Earnings from transactions ğŸ¦,ğŸ›ï¸ Ğ—Ğ°Ñ€Ğ°Ğ±Ğ¾Ñ‚Ğ¾Ğº Ğ½Ğ° Ñ‚Ñ€Ğ°Ğ½Ğ·Ğ°ĞºÑ†Ğ¸ÑÑ… ğŸ¦,ğŸ›ï¸ Einnahmen aus Transaktionen ğŸ¦,ğŸ›ï¸ Ganancias por transacciones ğŸ¦,https://t.me/m5bank_bot?start=_tgr_JUV1QD8zMDUy,(Ğ¿Ğ¾Ñ€Ğ¾Ğ¶Ğ½ÑŒĞ¾),_tgr_JUV1QD8zMDUy,30,TOP,Yes,365,Yes,0,ğŸ’° Ğ¤Ñ–Ğ½Ğ±Ğ¾Ñ‚ Ñ–Ğ· Ğ¿Ñ€Ğ¸Ğ±ÑƒÑ‚ĞºĞ¾Ğ¼,ğŸ¦ Ğ‘Ğ°Ğ½Ğº,2025-07-18,@HubAggregatorBot,"23,9","7,2"
,,,,,,,,,,,,,,,,,,,,
,,,,,,,,,,,,,,,,,,,,
,,,,,,,,,,,,,,,,,,,,
,,,,,,,,,,,,,,,,,,,,
,,,,,,,,,,,,,,,,,,,,
,,,,,,,,,,,,,,,,,,,,
,,,,,,,,,,,,,,,,,,,,
,,,,,,,,,,,,,,,,,,,,
,,,,,,,,,,,,,,,,,,,,
,,,,,, ,,,,,,,,,,,,,,